{"cameraMode":{"drawMode":0,"name":"Shaded","section":"Shading Mode"},"sceneLighting":false,"audioPlay":false,"sceneViewState":{"showFog":true,"showMaterialUpdate":true,"showSkybox":false,"showFlares":true,"showImageEffects":true,"showParticleSystems":true},"in2DMode":false,"pivot":{"x":25.5998592376709,"y":1.8820958137512208,"z":22.69223976135254},"rotation":{"x":-0.0847899317741394,"y":-0.915021538734436,"z":-0.2887648642063141,"w":0.26868167519569399},"size":1.5489168167114258,"orthographic":false}