{"cameraMode":{"drawMode":0,"name":"Shaded","section":"Shading Mode"},"sceneLighting":true,"audioPlay":false,"sceneViewState":{"showFog":true,"showMaterialUpdate":true,"showSkybox":false,"showFlares":true,"showImageEffects":true,"showParticleSystems":true},"in2DMode":false,"pivot":{"x":56.84743881225586,"y":0.04704093933105469,"z":27.85988998413086},"rotation":{"x":-0.06039424613118172,"y":0.9395171999931336,"z":-0.24522145092487336,"w":-0.23142661154270173},"size":0.39490917325019839,"orthographic":false}