{"cameraMode":{"drawMode":0,"name":"Shaded","section":"Shading Mode"},"sceneLighting":false,"audioPlay":false,"sceneViewState":{"showFog":true,"showMaterialUpdate":true,"showSkybox":false,"showFlares":true,"showImageEffects":true,"showParticleSystems":true},"in2DMode":false,"pivot":{"x":60.09801483154297,"y":0.4023451507091522,"z":28.967350006103517},"rotation":{"x":-0.10080745816230774,"y":0.8813335299491882,"z":-0.406667560338974,"w":-0.2185000479221344},"size":2.02579402923584,"orthographic":false}