{"cameraMode":{"drawMode":0,"name":"Shaded","section":"Shading Mode"},"sceneLighting":false,"audioPlay":false,"sceneViewState":{"showFog":true,"showMaterialUpdate":true,"showSkybox":false,"showFlares":true,"showImageEffects":true,"showParticleSystems":true},"in2DMode":false,"pivot":{"x":0.0425562858581543,"y":8.863658905029297,"z":-0.1605534553527832},"rotation":{"x":0.2729274034500122,"y":-0.03318164125084877,"z":0.009418939240276814,"w":0.961420476436615},"size":11.829378128051758,"orthographic":false}