{"cameraMode":{"drawMode":0,"name":"Shaded","section":"Shading Mode"},"sceneLighting":false,"audioPlay":false,"sceneViewState":{"showFog":true,"showMaterialUpdate":true,"showSkybox":false,"showFlares":true,"showImageEffects":true,"showParticleSystems":true},"in2DMode":false,"pivot":{"x":187.27442932128907,"y":7.03956413269043,"z":-94.89881134033203},"rotation":{"x":-0.16948384046554566,"y":0.0882679745554924,"z":-0.015240886248648167,"w":-0.981458306312561},"size":12.338631629943848,"orthographic":false}