{"cameraMode":{"drawMode":0,"name":"Shaded","section":"Shading Mode"},"sceneLighting":false,"audioPlay":false,"sceneViewState":{"showFog":true,"showMaterialUpdate":true,"showSkybox":false,"showFlares":true,"showImageEffects":true,"showParticleSystems":true},"in2DMode":false,"pivot":{"x":-0.13389801979064942,"y":0.1368464231491089,"z":0.06299281120300293},"rotation":{"x":0.3010830879211426,"y":0.031745795160532,"z":-0.010021507740020752,"w":0.9530275464057922},"size":1.6770069599151612,"orthographic":false}