{"cameraMode":{"drawMode":0,"name":"Shaded","section":"Shading Mode"},"sceneLighting":false,"audioPlay":false,"sceneViewState":{"showFog":true,"showMaterialUpdate":true,"showSkybox":false,"showFlares":true,"showImageEffects":true,"showParticleSystems":true},"in2DMode":false,"pivot":{"x":53.32686233520508,"y":-3.016948699951172,"z":28.0098934173584},"rotation":{"x":0.37273409962654116,"y":0.18868720531463624,"z":-0.07769352942705155,"w":0.9052239656448364},"size":6.554779052734375,"orthographic":false}