{"cameraMode":{"drawMode":0,"name":"Shaded","section":"Shading Mode"},"sceneLighting":false,"audioPlay":false,"sceneViewState":{"showFog":true,"showMaterialUpdate":true,"showSkybox":false,"showFlares":true,"showImageEffects":true,"showParticleSystems":true},"in2DMode":false,"pivot":{"x":45.69193649291992,"y":-0.4533867835998535,"z":32.87642288208008},"rotation":{"x":0.24808940291404725,"y":0.39010757207870486,"z":-0.10996551811695099,"w":0.879891574382782},"size":5.054407596588135,"orthographic":false}