{"cameraMode":{"drawMode":0,"name":"Shaded","section":"Shading Mode"},"sceneLighting":false,"audioPlay":false,"sceneViewState":{"showFog":true,"showMaterialUpdate":true,"showSkybox":false,"showFlares":true,"showImageEffects":true,"showParticleSystems":true},"in2DMode":false,"pivot":{"x":-334.56976318359377,"y":211.9456024169922,"z":172.4591064453125},"rotation":{"x":0.07890612632036209,"y":0.908951997756958,"z":-0.3565385937690735,"w":0.2011612206697464},"size":122.38404083251953,"orthographic":false}