{"cameraMode":{"drawMode":0,"name":"Shaded","section":"Shading Mode"},"sceneLighting":false,"audioPlay":false,"sceneViewState":{"showFog":true,"showMaterialUpdate":true,"showSkybox":false,"showFlares":true,"showImageEffects":true,"showParticleSystems":true},"in2DMode":false,"pivot":{"x":87.91626739501953,"y":2.3339061737060549,"z":63.15793991088867},"rotation":{"x":-0.0070291729643940929,"y":-0.9821110367774963,"z":-0.184494286775589,"w":0.03744314983487129},"size":2.5411746501922609,"orthographic":false}