{"cameraMode":{"drawMode":0,"name":"Shaded","section":"Shading Mode"},"sceneLighting":false,"audioPlay":false,"sceneViewState":{"showFog":true,"showMaterialUpdate":true,"showSkybox":false,"showFlares":true,"showImageEffects":true,"showParticleSystems":true},"in2DMode":false,"pivot":{"x":17.47530746459961,"y":1.1804924011230469,"z":86.00031280517578},"rotation":{"x":0.16112393140792848,"y":-0.7215461134910584,"z":0.17911261320114137,"w":0.6491198539733887},"size":3.2861952781677248,"orthographic":false}