{"cameraMode":{"drawMode":0,"name":"Shaded","section":"Shading Mode"},"sceneLighting":false,"audioPlay":false,"sceneViewState":{"showFog":true,"showMaterialUpdate":true,"showSkybox":false,"showFlares":true,"showImageEffects":true,"showParticleSystems":true},"in2DMode":false,"pivot":{"x":-282.396240234375,"y":228.45953369140626,"z":-64.94979858398438},"rotation":{"x":0.07890612632036209,"y":0.908951997756958,"z":-0.3565385937690735,"w":0.2011612206697464},"size":147.61146545410157,"orthographic":false}