{"cameraMode":{"drawMode":0,"name":"Shaded","section":"Shading Mode"},"sceneLighting":false,"audioPlay":false,"sceneViewState":{"showFog":true,"showMaterialUpdate":true,"showSkybox":false,"showFlares":true,"showImageEffects":true,"showParticleSystems":true},"in2DMode":false,"pivot":{"x":56.86000061035156,"y":1.1029412746429444,"z":24.32364273071289},"rotation":{"x":0.3577999770641327,"y":-0.14318645000457765,"z":0.05558847635984421,"w":0.9211098551750183},"size":4.21340274810791,"orthographic":false}