{"cameraMode":{"drawMode":0,"name":"Shaded","section":"Shading Mode"},"sceneLighting":false,"audioPlay":false,"sceneViewState":{"showFog":true,"showMaterialUpdate":true,"showSkybox":false,"showFlares":true,"showImageEffects":true,"showParticleSystems":true},"in2DMode":false,"pivot":{"x":-0.5979671478271484,"y":1.0992369651794434,"z":5.012357711791992},"rotation":{"x":0.36217066645622256,"y":0.4565322697162628,"z":-0.210648775100708,"w":0.7849002480506897},"size":4.559813499450684,"orthographic":false}