{"cameraMode":{"drawMode":0,"name":"Shaded","section":"Shading Mode"},"sceneLighting":false,"audioPlay":false,"sceneViewState":{"showFog":true,"showMaterialUpdate":true,"showSkybox":false,"showFlares":true,"showImageEffects":true,"showParticleSystems":true},"in2DMode":false,"pivot":{"x":0.08798909187316895,"y":6.33599328994751,"z":-0.1862504482269287},"rotation":{"x":0.07890612632036209,"y":0.908951997756958,"z":-0.3565385937690735,"w":0.2011612206697464},"size":8.411314964294434,"orthographic":false}