{"cameraMode":{"drawMode":0,"name":"Shaded","section":"Shading Mode"},"sceneLighting":false,"audioPlay":false,"sceneViewState":{"showFog":true,"showMaterialUpdate":true,"showSkybox":false,"showFlares":true,"showImageEffects":true,"showParticleSystems":true},"in2DMode":false,"pivot":{"x":-267.4486999511719,"y":1.2245843410491944,"z":113.06460571289063},"rotation":{"x":-0.0789099857211113,"y":0.9008407592773438,"z":-0.3849216103553772,"w":-0.18467257916927339},"size":1.1660254001617432,"orthographic":false}