{"cameraMode":{"drawMode":0,"name":"Shaded","section":"Shading Mode"},"sceneLighting":false,"audioPlay":false,"sceneViewState":{"showFog":true,"showMaterialUpdate":true,"showSkybox":false,"showFlares":true,"showImageEffects":true,"showParticleSystems":true},"in2DMode":false,"pivot":{"x":0.0774688869714737,"y":0.015300627797842026,"z":-0.11314935982227326},"rotation":{"x":-0.06039424613118172,"y":0.9395171999931336,"z":-0.24522145092487336,"w":-0.23142661154270173},"size":0.0070681339129805569,"orthographic":false}