{"cameraMode":{"drawMode":0,"name":"Shaded","section":"Shading Mode"},"sceneLighting":false,"audioPlay":false,"sceneViewState":{"showFog":true,"showMaterialUpdate":true,"showSkybox":false,"showFlares":true,"showImageEffects":true,"showParticleSystems":true},"in2DMode":false,"pivot":{"x":0.016463711857795717,"y":0.8466762900352478,"z":0.0036964043974876405},"rotation":{"x":0.123955637216568,"y":0.05979112163186073,"z":-0.00751276733353734,"w":0.990490734577179},"size":1.0454964637756348,"orthographic":false}