{"cameraMode":{"drawMode":0,"name":"Shaded","section":"Shading Mode"},"sceneLighting":false,"audioPlay":false,"sceneViewState":{"showFog":true,"showMaterialUpdate":true,"showSkybox":false,"showFlares":true,"showImageEffects":true,"showParticleSystems":true},"in2DMode":false,"pivot":{"x":-7.450580596923828e-9,"y":0.14523637294769288,"z":0.0},"rotation":{"x":0.3719853460788727,"y":0.2943529486656189,"z":-0.12571309506893159,"w":0.8713495135307312},"size":0.16167178750038148,"orthographic":false}