{"cameraMode":{"drawMode":0,"name":"Shaded","section":"Shading Mode"},"sceneLighting":false,"audioPlay":false,"sceneViewState":{"showFog":true,"showMaterialUpdate":true,"showSkybox":false,"showFlares":true,"showImageEffects":true,"showParticleSystems":true},"in2DMode":false,"pivot":{"x":60.183265686035159,"y":-10.913701057434082,"z":30.146465301513673},"rotation":{"x":0.37273409962654116,"y":0.18868720531463624,"z":-0.07769352942705155,"w":0.9052239656448364},"size":16.38583755493164,"orthographic":false}